,Date,Open,High,Low,Close,Adj Close,Volume,ta_rsi,ta_stoch_k,ta_stoch_d,ta_stoch_rsi_k,ta_stoch_rsi_d
0,2019-03-19,4032.6918950000004,4082.216064,4023.8125,4071.190186,4071.190186,9344919956.0,,,,,
1,2019-03-20,4070.7939450000003,4089.461914,4031.11084,4087.476318,4087.476318,10175916388.0,,,,,
2,2019-03-21,4083.953857,4097.359863000001,4005.1513670000004,4029.326904,4029.326904,10831212661.0,,,,,
3,2019-03-22,4028.514648,4053.906738,4021.5424799999996,4023.968262,4023.968262,9252935969.0,,,,,
4,2019-03-23,4022.713379,4049.882568,4015.9646,4035.8264159999994,4035.8264159999994,9578850549.0,,,,,
5,2019-03-24,4035.163574,4040.699707,4006.192871,4022.1682130000004,4022.1682130000004,9144851064.0,,,,,
6,2019-03-25,4024.112793,4038.8408200000003,3934.03125,3963.070557,3963.070557,10359818882.0,,,,,
7,2019-03-26,3969.22876,3985.080811,3944.7531740000004,3985.080811,3985.080811,10707678814.0,,,,,
8,2019-03-27,3984.2448729999996,4087.0661619999996,3977.810547,4087.0661619999996,4087.0661619999996,10897131934.0,,53.455056306337326,34.29850765520265,,
9,2019-03-28,4087.584473,4094.9021,4040.266357,4069.107178,4069.107178,9353915899.0,,75.51697811723298,51.74844673939442,,
10,2019-03-29,4068.2998049999997,4113.500977000001,4034.097168,4098.374511999999,4098.374511999999,10918665556.0,,91.84567511598588,73.60590317985206,,
11,2019-03-30,4092.1362299999996,4296.806640999999,4053.909668,4106.660156,4106.660156,9732688060.0,,73.84211383685022,80.40158902335635,,
12,2019-03-31,4105.456055,4113.023438,4094.10083,4105.404297,4105.404297,9045122442.0,,59.18647506965789,74.95808800749799,,
13,2019-04-01,4105.362305,4164.953125,4096.901367,4158.183105,4158.183105,10157794170.0,,44.40699604445416,59.145194983654086,,
14,2019-04-02,4156.919434,4905.95459,4155.316895,4879.87793,4879.87793,21315047816.0,86.11356975690683,61.41358009076881,55.002350401626956,,
15,2019-04-03,4879.958008,5307.003418,4876.621094,4973.021973,4973.021973,22899891582.0,87.25536136889106,72.52988640665474,59.45015418062591,,
16,2019-04-04,4971.307617,5063.159668,4836.793945,4922.798828,4922.798828,18251810239.0,83.2791800960619,79.56001961545971,71.16782870429442,,
17,2019-04-05,4922.806152,5053.509765999999,4919.491699,5036.681152,5036.681152,16837325387.0,84.95352845842554,73.11073048375903,75.06687883529116,,
18,2019-04-06,5036.792969,5205.821777,4992.222168,5059.817383,5059.817383,16929795193.0,85.27610438706805,74.84059349716365,75.83711453212747,,
19,2019-04-07,5062.793945,5235.186522999999,5050.412109000001,5198.896973,5198.896973,16655416140.0,87.07055911601002,77.73570499442867,75.22900965845047,,
20,2019-04-08,5199.835449,5318.836426,5148.211914,5289.770996,5289.770996,17154113634.0,88.09177561396451,83.17209109973176,78.58279653044137,100.0,81.85814406491018
21,2019-04-09,5289.917969,5289.917969,5167.418945,5204.958496,5204.958496,14722104361.0,81.61287181651998,80.82101252037465,80.57626953817838,0.0,65.1174226374447
22,2019-04-10,5204.105469,5421.651367,5193.382324,5324.551758,5324.551758,15504590933.0,83.46013837986993,80.94761410120311,81.64690590710319,28.51202334689031,42.8373411156301
23,2019-04-11,5325.081543,5354.225586,5017.296386999999,5064.487793,5064.487793,16555616019.0,67.56407303045367,53.514423159303725,71.76101659362719,0.0,9.504007782296773
24,2019-04-12,5061.200684,5103.274414,4955.852539,5089.539063,5089.539063,13675206312.0,68.19252768685189,39.25331732644332,57.90511819565008,3.061495332181175,10.524506226357163
25,2019-04-13,5088.850098,5127.12207,5061.589355,5096.586426,5096.586426,10823289598.0,68.37814418125035,23.528239910324505,38.765326798690545,5.121211651451678,2.7275689945442863
26,2019-04-14,5095.758789,5184.016113000001,5053.568359000001,5167.722168,5167.722168,10391952498.0,70.2644385110456,34.79971830242551,32.5270918463978,16.987634494665,8.390113826099286
27,2019-04-15,5167.321777,5196.606934,5024.069336,5067.108397999999,5067.108397999999,12290155060.0,64.41192254774721,34.5420754823182,30.956677898356094,0.0,7.369615382038894
28,2019-04-16,5066.577636999999,5238.945313,5055.194824,5235.55957,5235.55957,11618660197.0,69.0586535628672,57.40559827723098,42.24913068732492,79.39715234029316,32.12826227831939
29,2019-04-17,5236.135254,5274.275390999999,5219.205566,5251.937988000001,5251.937988000001,12438480676.0,69.47597188085919,72.60132345586646,54.849665738471906,86.52773208768767,55.308294809326945
30,2019-04-18,5251.480469,5319.986328,5250.506836,5298.385742,5298.385742,13256489918.0,70.68355490061677,94.19229042103575,74.73307071804442,100.00000000000001,88.64162814266028
31,2019-04-19,5298.154297,5336.680176,5233.335449,5303.8125,5303.8125,13780238655.0,70.82876285943524,91.08630921799268,85.95997436496498,100.0,95.50924402922924
32,2019-04-20,5304.160645,5358.490723,5295.87793,5337.88623,5337.88623,13169647522.0,71.77410863006071,91.79766738551024,92.35875567484624,100.0,100.0
33,2019-04-21,5335.878906,5359.924805,5257.339355,5314.53125,5314.53125,13731844222.0,70.09730704072481,83.47810026343758,88.78735895564684,27.036474660679115,75.67882488689304
34,2019-04-22,5312.494629,5422.6875,5280.276855,5399.365234000001,5399.365234000001,14601631647.0,72.60122482406284,82.87711578839054,86.05096114577947,100.0,75.67882488689304
35,2019-04-23,5399.365723,5633.802246,5389.408691,5572.361816,5572.361816,15867308107.0,76.85702553079783,80.02755749663523,82.12759118282112,99.99999999999999,75.67882488689304
36,2019-04-24,5571.508301,5642.044434,5418.263184,5464.866699,5464.866699,17048033399.0,69.62060459261589,75.42848181308887,79.44438503270489,0.0,66.66666666666667
37,2019-04-25,5466.524414,5542.238281,5181.338867,5210.515625,5210.515625,15330283408.0,56.149188378595774,48.311795196840684,67.92261150218827,0.0,33.333333333333336
38,2019-04-26,5210.304688,5383.634277,5177.368652,5279.348145,5279.348145,16812108039.0,58.49003321342479,27.40798819163437,50.382755067187986,11.304149330632004,3.7680497768773393
39,2019-04-27,5279.471191,5310.75,5233.635742,5268.291015999999,5268.291015999999,13111274675.0,57.954830848549996,15.948758230529094,30.556180539668063,8.719609183145481,6.674586171259167
40,2019-04-28,5271.746582,5326.231934,5255.683594,5285.13916,5285.13916,12819992055.0,58.57680751930251,21.568613116718424,21.641786512960646,18.020519165462655,12.681425893080052
41,2019-04-29,5284.858397999999,5311.274902,5216.487793,5247.352539,5247.352539,13735490672.0,56.55607905293443,20.646660738085938,19.388010695111166,16.760894141747425,14.500340830118525
42,2019-04-30,5247.726074,5363.257324,5224.189941,5350.726563,5350.726563,13878964573.0,60.56411744906326,42.13969872675748,28.118324193853965,100.0,44.927137769070036
43,2019-05-01,5350.914551,5418.003906,5347.645996,5402.697265999999,5402.697265999999,13679528236.0,62.44022484286261,65.21024398419388,42.66553448301245,100.0,72.25363138058248
44,2019-05-02,5402.422852000001,5522.262695,5394.217285,5505.283691,5505.283691,14644460907.0,65.88980557018782,90.29914484878782,65.88302918657975,100.0,100.0
45,2019-05-03,5505.552246,5865.881836,5490.20166,5768.289551,5768.289551,18720780005.0,72.78962935594417,90.60775785583411,82.03904889627195,100.0,100.0
46,2019-05-04,5769.202636999999,5886.893555,5645.469238000001,5831.16748,5831.16748,17567780765.0,74.1365963965398,90.33670498487099,90.41453589649767,100.0,100.0
47,2019-05-05,5831.068359000001,5833.862793,5708.035156,5795.708496,5795.708496,14808830722.0,71.97286162662964,86.55106987623533,89.1651775723135,81.5008033903479,93.83360113011595
48,2019-05-06,5791.693359000001,5802.95752,5653.6875,5746.807129,5746.807129,15737171804.0,68.98272441270126,82.08254985524468,86.32344157211702,37.50451427275514,73.00177255436766
49,2019-05-07,5745.599121,5988.178223,5741.395996,5829.501465,5829.501465,18026409032.0,71.16440287746885,74.26408192028576,80.96590055058861,42.33086253614507,53.77872673308269
50,2019-05-08,5849.481445,5989.980957,5794.71582,5982.45752,5982.45752,15320605299.0,74.70801089026399,79.17271092921847,78.50644756824965,100.0,59.945125602966726
51,2019-05-09,5982.316406,6183.039063,5982.316406,6174.528809,6174.528809,16784645410.0,78.31223640654834,88.11474174145974,80.51717819698801,99.99999999999999,80.77695417871502
52,2019-05-10,6175.822754,6434.617676,6161.519043,6378.849121,6378.849121,19419875367.0,81.35594530895709,96.35574304476062,87.88106523847962,100.0,100.0
53,2019-05-11,6379.666992,7333.00293,6375.69873,7204.771484000001,7204.771484000001,28867562329.0,88.4266206671001,94.39809932411511,92.95619470344518,100.0,100.0
54,2019-05-12,7203.507323999999,7503.87207,6815.770995999999,6972.371581999999,6972.371581999999,27773333679.0,79.31195801159535,84.56824309747218,91.77402848878266,33.559866460413005,77.85328882013766
55,2019-05-13,6971.178223000001,8047.413086,6898.282227,7814.915039,7814.915039,28677672181.0,85.24851232159281,83.19585652521303,87.38739964893345,68.57833098251389,67.37939914764229
56,2019-05-14,7807.884276999999,8268.712891,7696.391113,7994.416015999999,7994.416015999999,32031452226.0,86.15972344823487,81.54237801590877,83.10215921286466,75.12911553017109,59.089104324365984
57,2019-05-15,7989.374512,8216.423828,7899.106934,8205.167969,8205.167969,28344112919.0,87.16239068164307,90.78918873475668,85.17580775862616,86.12971172670338,76.61238607979611
58,2019-05-16,8194.500977,8320.824219,7729.608398,7884.90918,7884.90918,33167197581.0,77.92397906715696,84.8875314252425,85.73969939196932,0.0,53.75294241895815
59,2019-05-17,7886.925781,7929.145508,7038.124512,7343.895508,7343.895508,30066644905.0,65.32733196221146,66.33496627356077,80.67056214451999,0.0,28.709903908901115
60,2019-05-18,7341.664551000001,7447.271973000001,7251.504395,7271.208008,7271.208008,21354286561.0,63.83428316273652,40.17767757795752,63.80005842558694,0.0,-9.473903143468002e-15
61,2019-05-19,7267.962890999999,8261.941406,7267.962890999999,8197.689453,8197.689453,25902422039.0,72.4707352925314,46.63226879018691,51.04830421390174,37.021657769689895,12.340552589896623
62,2019-05-20,8196.923828,8200.967773,7678.781738,7978.309081999999,7978.309081999999,23843404339.0,68.31091906330037,60.622996800398575,49.14431438951434,31.772409645543693,22.931355805077853
63,2019-05-21,7977.969238,8062.167969,7843.339844,7963.327637,7963.327637,25127245056.0,68.02376644987125,79.76582277074375,62.34036278710975,48.5093094267429,39.10112561399215
64,2019-05-22,7956.291992,7997.612305,7615.987305,7680.066406,7680.066406,24719473174.0,62.660440337960566,63.770218480789374,68.05301268397723,0.0,26.76057302409552
65,2019-05-23,7677.269043000001,7943.791504000001,7533.196776999999,7881.84668,7881.84668,24457107820.0,64.79012020210607,59.924532700405884,67.820191317313,21.70862215669913,23.40597719448067
66,2019-05-24,7881.695312999999,8140.719727,7824.44873,7987.371581999999,7987.371581999999,25919126990.0,65.88594081301426,57.39578491324078,60.36351203147868,57.083667275638085,26.26409647744573
67,2019-05-25,7991.885254000001,8117.925781,7965.976073999999,8052.543945,8052.543945,22256813106.0,66.57777727175774,71.75328013829483,63.024532583980495,73.03932022887241,50.61053655373653
68,2019-05-26,8055.206055,8687.520508,7924.67041,8673.21582,8673.21582,26677970091.0,72.33248731261166,84.08678209350406,71.07861571501321,100.0,76.70766250150349
69,2019-05-27,8674.072266,8907.174805,8668.705078,8805.77832,8805.77832,27949839563.0,73.38647099327218,92.2890049086074,82.7096890468021,100.0,91.01310674295746
70,2019-05-28,8802.757813,8807.016602,8634.72168,8719.961914,8719.961914,24226919266.0,71.48788387378386,91.36337205340453,89.24638635183867,74.68729444639023,91.56243148213007
71,2019-05-29,8718.591797,8755.852539,8482.728516,8659.487305,8659.487305,23473479966.0,70.11133948343515,83.37317732572643,89.00851809591279,51.89779943415406,75.52836462684807
72,2019-05-30,8661.760742,9008.314453,8221.273438,8319.472656,8319.472656,29246528551.0,62.79049881253228,64.6440472714838,79.79353221687158,0.0,42.195031293514745
73,2019-05-31,8320.286133,8586.65918,8172.550781,8574.501953,8574.501953,25365190957.0,65.68475471091246,53.10563447765142,67.04095302495388,27.31468004078959,26.404159824981196
74,2019-06-01,8573.839844,8625.600586,8481.578125,8564.016602,8564.016602,22488303543.0,65.4593141209946,43.788670141187595,53.846117296774274,30.685261025780974,19.333313688856837
75,2019-06-02,8565.473633,8809.303711,8561.235352,8742.958008,8742.958008,20266216022.0,67.5088040239166,54.394332819640915,50.42954581282664,64.45031962159092,40.81675356272047
76,2019-06-03,8741.74707,8743.5,8204.185547,8208.995117,8208.995117,22004511436.0,56.697801709040455,39.816574048618385,45.99985900314896,0.0,31.711860215790608
77,2019-06-04,8210.985352,8210.985352,7564.48877,7707.770995999999,7707.770995999999,24609731548.0,48.798047764095706,28.040249831233695,40.75038556649766,0.0,21.483439873863617
78,2019-06-05,7704.343262,7901.849120999999,7668.668456999999,7824.231445,7824.231445,21760923463.0,50.52301845753995,12.245631163469987,26.70081834777402,9.219139352204644,3.0730464507348576
79,2019-06-06,7819.633301000001,7937.34082,7571.471191,7822.023437999999,7822.023437999999,19474611077.0,50.48828943766057,17.688293717226383,19.324724903976687,9.033529431380893,6.0842229278618225
80,2019-06-07,7826.901367,8126.15332,7788.373535,8043.951172,8043.951172,19141423230.0,53.91706593174265,27.407013585423968,19.113646155373445,64.79971659019495,27.684128457926803
81,2019-06-08,8036.774901999999,8076.891113,7837.61084,7954.12793,7954.12793,16522722809.0,52.33725887575999,40.541467993617,28.545591765422447,69.13847530436007,47.657240441978615
82,2019-06-09,7949.674805,7975.974120999999,7583.219727,7688.077148,7688.077148,16610726547.0,47.863780956977095,40.65264528478259,36.20037562127451,0.0,44.646063964851656
83,2019-06-10,7692.284668000001,8031.909668000001,7586.730956999999,8000.32959,8000.32959,18689275117.0,52.94709302085396,52.86917281788467,44.687762032094746,83.97609042144504,51.03818857526835
84,2019-06-11,8004.243651999999,8026.394043000001,7772.803711,7927.714355,7927.714355,17107279931.0,51.68503692993487,53.92959641726967,49.15047150664563,63.1269796298624,49.034356683769126
85,2019-06-12,7925.434081999999,8196.648438,7862.359863,8145.857422,8145.857422,19034432883.0,55.144070285522496,77.49560345024724,61.43145756180052,100.0,82.36769001710246
86,2019-06-13,8145.54541,8311.567383,8087.061035,8230.923828,8230.923828,18669407147.0,56.453340525518634,81.36620692916631,70.93046893222773,100.0,87.70899320995413
87,2019-06-14,8230.898438,8710.636719,8183.393066,8693.833008,8693.833008,19831162905.0,62.814114377936015,93.05096743792156,83.9709259391117,100.0,100.0
88,2019-06-15,8689.746094,8859.12793,8618.395508,8838.375,8838.375,18371033226.0,64.55508703285074,95.17412592890666,89.8637667653315,99.99999999999999,100.0
89,2019-06-16,8841.44043,9335.867188,8814.556641,8994.488281,8994.488281,23348550310.0,66.3855875034625,91.14224120814048,93.12244485832291,100.0,100.0
90,2019-06-17,8988.923828,9416.407227,8988.923828,9320.352539,9320.352539,15562951918.0,69.88200689502168,89.2320440056587,91.84947038090195,99.99999999999999,100.0
91,2019-06-18,9335.466797,9348.374023,9004.901367,9081.762695,9081.762695,15848210535.0,64.58501094266462,80.8220496125577,87.06544494211896,25.055510683668576,75.01850356122286
92,2019-06-19,9078.727539,9299.621094,9070.395508,9273.521484,9273.521484,15546809946.0,66.76544119356144,82.57623609395633,84.21010990405756,41.494038166549345,55.516516283405984
93,2019-06-20,9273.060547,9594.419922,9232.484375,9527.160156,9527.160156,17846823783.0,69.44510753950158,82.10995289396942,81.83607953349447,91.7519409218033,52.76716325734042
94,2019-06-21,9525.074219,10144.556641,9525.074219,10144.556641,10144.556641,20624008643.0,74.77638715767189,91.15674090838002,85.28097663210191,100.0,77.74865969611756
95,2019-06-22,10175.923828,11157.345703,10107.035156,10701.691406,10701.691406,29995204860.0,78.43330416982515,90.06876182151719,87.77848520795554,100.0,97.25064697393445
96,2019-06-23,10696.691406,11246.144531,10556.095703,10855.371094,10855.371094,20998326501.0,79.32377551003687,86.95681149308986,89.39410474099567,99.99999999999999,100.00000000000001
97,2019-06-24,10853.744141,11065.896484,10610.427734,11011.102539,11011.102539,19271652364.0,80.21525492305835,83.06601937341568,86.69719756267425,100.0,100.00000000000001
98,2019-06-25,11007.202148,11790.916992,11007.202148,11790.916992,11790.916992,24879684533.0,83.94758544694713,90.12240467111506,86.71507851254022,100.0,100.00000000000001
99,2019-06-26,11778.581055,13796.489258000001,11755.597656,13016.231445,13016.231445,45105733173.0,87.83189305374344,89.05976559221922,87.41606321225,100.0,100.00000000000001
100,2019-06-27,13017.125,13311.144531,10491.852539,11182.806641,11182.806641,39977475222.0,63.19213223330438,66.58676607359078,81.92297877897504,0.0,66.66666666666669
101,2019-06-28,11162.167969,12445.174805,10914.495117,12407.332031,12407.332031,35087757765.0,69.37215482715382,52.57456296703805,69.40703154428269,25.081503992210095,41.693834664070046
102,2019-06-29,12400.763672,12400.910156,11508.378906,11959.371094,11959.371094,29923961127.0,65.06813005622631,41.09329300430927,53.418207348312706,7.613701434008084,10.89840180873941
103,2019-06-30,11931.991211,12178.383789,10799.008789,10817.155273,10817.155273,27256473494.0,55.59640658758418,37.40502710105393,43.69096102413376,0.0,10.89840180873941
104,2019-07-01,10796.930664,11206.439453,10089.314453,10583.134766,10583.134766,29378589324.0,53.86631776346717,23.193004648888856,33.897108251417364,0.0,2.5379004780027117
105,2019-07-02,10588.683594,10912.188477,9737.884766,10801.677734,10801.677734,31015895222.0,55.26630493362196,21.48826561418863,27.362099121377152,9.028775192236726,3.009591730745592
106,2019-07-03,10818.15625,11968.078125,10818.15625,11961.269531,11961.269531,30796494293.0,61.8769852255524,46.03730108354622,30.239523782207915,71.51224509683432,26.8470067630237
107,2019-07-04,11972.71875,12006.075195,11166.569336,11215.4375,11215.4375,25920294033.0,56.13135722408583,61.1092125741861,42.878259757307,28.275290059650718,36.27210344957394
108,2019-07-05,11203.102539,11395.661133,10874.964844,10978.459961,10978.459961,23838480210.0,54.40281278002453,66.24282730518011,57.79644698763749,6.697257364590529,35.49493084035854
109,2019-07-06,10982.543945,11620.964844,10982.543945,11208.550781,11208.550781,21092024306.0,55.82522712227205,60.02542820222646,62.459156027197565,19.03106133306581,18.00120291910237
110,2019-07-07,11217.616211,11541.620117,11148.804688,11450.84668,11450.84668,19369044276.0,57.33459598742831,57.59787695662623,61.288710821344274,39.225522675195855,21.651280457617414
111,2019-07-08,11446.59668,12345.833008,11393.374023,12285.958008,12285.958008,23482551458.0,62.136611259668626,71.34280513407312,62.98870343097528,100.0,52.75219466942057
112,2019-07-09,12284.326172,12779.131836,12233.261719,12573.8125,12573.8125,28167921522.0,63.65507615904262,79.46901535219429,69.46989914763122,100.0,79.74184089173197
113,2019-07-10,12571.537109,13129.529297,11710.978516,12156.512695,12156.512695,33627574244.0,59.90444644155568,79.94216989901979,76.91799679509575,52.098313774975495,84.03277125832517
114,2019-07-11,12139.713867,12144.623047,11158.922852,11358.662109,11358.662109,28595327690.0,53.42319226422778,51.49740569707356,70.30286364942923,0.0,50.699437924991834
115,2019-07-12,11354.299805,11905.487305,11179.144531,11815.986328,11815.986328,23534692796.0,56.33913912500018,32.872687174591135,54.77075425689484,28.49863124668664,26.86564834055405
116,2019-07-13,11813.126953,11841.957031,10908.479492,11392.378906,11392.378906,21042616383.0,53.02755687038021,21.908387330615387,35.42616006742671,0.0,9.499543748895553
117,2019-07-14,11381.020508,11451.204102,10234.576172,10256.058594,10256.058594,22486000001.0,45.33030233379619,18.624081439221857,24.46838531480947,0.0,9.499543748895553
118,2019-07-15,10257.838867,11052.766602,9992.006836,10895.089844,10895.089844,25384047206.0,49.74797756264114,21.493947879154423,20.675472216330565,40.12844692524329,13.376148975081103
119,2019-07-16,10896.65332,10996.632813,9448.106445,9477.641602,9477.641602,24151199069.0,41.698971531330166,14.632257085284813,18.250095467887043,0.0,13.376148975081103
120,2019-07-17,9471.213867,9963.134766,9163.134766,9693.802734,9693.802734,24569921548.0,43.20803937471801,20.988151903329747,19.038118955923007,13.320885161062742,17.816444028768682
121,2019-07-18,9698.50293,10736.842773,9376.798828,10666.482422,10666.482422,25187024648.0,49.53764935008797,28.90513597494653,21.50851498785371,97.38690452293133,36.902596561331364
122,2019-07-19,10653.956055,10716.980469,10229.628906,10530.732422,10530.732422,20727426309.0,48.721507810453716,52.6290915267125,34.174126468329604,87.24724831619689,65.98501266673033
123,2019-07-20,10525.819336,11048.662109,10451.276367,10767.139648,10767.139648,20206615154.0,50.25844128857059,74.3822746487693,51.97216738347612,100.0,94.87805094637609
124,2019-07-21,10777.529297,10841.887695,10389.599609,10599.105469,10599.105469,17130580467.0,49.131245994174115,77.8668574486389,68.29274120804024,84.0123257061166,90.41985800743784
125,2019-07-22,10596.948242,10651.791016,10154.921875,10343.106445,10343.106445,16334414913.0,47.38751513864508,73.00835127168837,75.08582778969885,0.0,61.33744190203888
126,2019-07-23,10346.748047,10346.748047,9883.594727,9900.767578,9900.767578,17851916994.0,44.45180894946176,45.14324487221639,65.3394845308479,0.0,28.00410856870555
127,2019-07-24,9887.730469,9908.796875,9614.306641,9811.925781,9811.925781,17398734321.0,43.86404326094732,24.349926656171046,47.50050760002528,0.0,1.8947806286936004e-14
128,2019-07-25,9809.09668,10154.253906,9773.957031,9911.841797,9911.841797,15821952090.0,44.748870351096706,13.163017396811902,27.552062975066452,16.79880450713776,5.599601502379272
129,2019-07-26,9913.126953,9916.517578,9717.982422,9870.303711,9870.303711,14495714483.0,44.435295367080904,20.896620324548234,19.4698547925104,16.21276189968747,11.003855468941763
130,2019-07-27,9871.165039,10167.320313,9411.521484,9477.677734,9477.677734,16817809536.0,41.47673060285902,18.662041601369307,17.573893107576485,0.0,11.003855468941763
131,2019-07-28,9491.626953,9575.544922,9252.296875,9552.860352,9552.860352,13738687092.0,42.26938215176052,21.532078233904667,20.363580053274074,24.224257210542547,13.479006370076691
132,2019-07-29,9548.178711,9681.648438,9472.948242,9519.145508,9519.145508,13791445323.0,41.99469612405344,23.028161571752577,21.074093802342187,15.829566004122723,13.351274404888443
133,2019-07-30,9522.329102,9701.759766,9437.335938,9607.423828,9607.423828,13829811132.0,43.038478215035106,33.607119580689776,26.055786462115673,52.78733901864852,30.94705407777128
134,2019-07-31,9604.050781,10085.62793,9598.097656,10085.62793,10085.62793,16631520647.0,48.44994715908011,53.01527737114267,36.55018617452834,99.99999999999999,56.20563500759042
135,2019-08-01,10077.442383,10446.919922,9922.019531,10399.668945,10399.668945,17165337857.0,51.69543174155014,75.30916326163087,53.97718673782111,100.0,84.26244633954953
136,2019-08-02,10402.042969,10657.953125,10371.013672,10518.174805,10518.174805,17489094081.0,52.90048166304037,91.88844963971421,73.40429675749591,100.0,100.00000000000001
137,2019-08-03,10519.27832,10946.78125,10503.504883,10821.726563,10821.726563,15352685060.0,55.93302935547629,92.10281293310057,86.43347527814855,100.0,100.00000000000001
138,2019-08-04,10821.632813,11009.207031,10620.27832,10970.18457,10970.18457,16530894786.0,57.37839114731448,92.49945615541594,92.16357290941023,100.0,100.00000000000001
139,2019-08-05,10960.735352,11895.091797,10960.735352,11805.65332,11805.65332,23875988832.0,64.44587243770641,94.80561989151643,93.13596299334431,99.99999999999999,100.00000000000001
140,2019-08-06,11811.544922,12273.821289,11290.731445,11478.168945,11478.168945,23635107659.0,60.22995203655316,83.6290068191219,90.31136095535142,63.48395231104508,87.82798410368171
141,2019-08-07,11476.193359,12036.990234,11433.701172,11941.96875,11941.96875,22194988641.0,63.83801583573382,78.30233834242776,85.57898835102203,92.85953475118735,85.44782902074417
142,2019-08-08,11954.040039,11979.419922,11556.167969,11966.407227,11966.407227,19481591729.0,64.02322759257439,73.61624493670377,78.51586336608449,94.01986609138108,83.45445105120452
143,2019-08-09,11953.469727,11970.458008,11709.745117,11862.936523,11862.936523,18339989959.0,62.562207087583865,77.12394939632873,76.3475108918201,55.32018703182166,80.73319595813005
144,2019-08-10,11861.556641,11915.655273,11323.898438,11354.024414,11354.024414,18125355447.0,55.81561399591267,52.1851318623155,67.64177539844934,0.0,49.78001770773426
145,2019-08-11,11349.740234,11523.579102,11248.294922,11523.579102,11523.579102,15774371517.0,57.46152399394915,36.683457718003154,55.33084632554914,20.05345376768128,25.12454693316766
146,2019-08-12,11528.189453,11528.189453,11320.951172,11382.616211,11382.616211,13647198229.0,55.60694236350685,19.904591160834844,36.25772691371784,0.0,6.6844845892271065
147,2019-08-13,11385.052734,11420.049805,10830.327148,10895.830078,10895.830078,16681503536.0,49.64776147168878,19.673605910565705,25.420551596467913,0.0,6.6844845892271065
148,2019-08-14,10889.487305,10889.556641,10028.135742,10051.704102,10051.704102,19990838299.0,41.36866712209644,8.455239082819247,16.011145384739944,0.0,1.3026616822268503e-14
149,2019-08-15,10038.421875,10437.411133,9675.316406,10311.545898,10311.545898,22899115082.0,44.440033081137194,13.777103604221303,13.968649532535428,19.085274811663442,6.3617582705544935
150,2019-08-16,10319.419922,10524.349609,9855.478516,10374.338867,10374.338867,20228207096.0,45.18728969627125,24.437502696661635,15.556615127900736,26.81941814882731,15.301564320163598
151,2019-08-17,10358.722656,10452.625,10086.698242,10231.744141,10231.744141,13778035685.0,43.74833716089861,34.65190494283553,24.288837081239496,28.743120181005562,24.882604380498787
152,2019-08-18,10233.005859,10487.070313,10119.094727,10345.810547,10345.810547,12999813869.0,45.25027209506423,41.612496733604274,33.56730145770049,100.0,51.854179443277644
153,2019-08-19,10350.283203,10916.053711,10313.204102,10916.053711,10916.053711,16038264603.0,52.13131497577932,62.37036045355723,46.21158737666568,100.0,76.24770672700187
154,2019-08-20,10916.34668,10947.041992,10618.960938,10763.232422,10763.232422,15053082175.0,50.306556684785264,79.46004103839014,61.147632741850565,78.2325764031618,92.74419213438728
155,2019-08-21,10764.572266,10798.729492,9962.72168,10138.049805,10138.049805,19473084767.0,43.58524713122989,66.99099702946015,69.60713284046919,0.0,59.41085880105394
156,2019-08-22,10142.521484,10232.996094,9831.462891,10131.055664,10131.055664,17097508856.0,43.51520127080935,42.609450044324696,63.02016270405834,0.0,26.07752546772061
157,2019-08-23,10136.30957,10442.443359,10078.192383,10407.964844,10407.964844,15627023886.0,47.13745355472366,32.11494364037159,47.23846357138549,42.040441989814006,14.013480663271345
158,2019-08-24,10407.644531,10418.020508,9982.296875,10159.960938,10159.960938,15451030650.0,44.39174059221154,35.993048271826005,36.90581398550744,12.9066919336656,18.315711307826543
159,2019-08-25,10160.737305,10304.62207,10008.789063,10138.517578,10138.517578,14153856609.0,44.152265138473446,37.622787454181804,35.24359312212648,17.587506825329857,24.178213582936497
160,2019-08-26,10126.299805,10512.328125,10126.299805,10370.820313,10370.820313,18438654079.0,47.45902837188696,46.802487945231725,40.13944122374652,100.0,43.49806625299849
161,2019-08-27,10372.826172,10381.328125,10087.300781,10185.5,10185.5,14762609502.0,45.161709423786135,49.766333677245335,44.7305363588863,30.526657461068293,49.37138809546605
162,2019-08-28,10203.426758,10279.366211,9716.65625,9754.422852,9754.422852,17603790323.0,40.27762697581809,40.7669763405006,45.77859932099256,0.0,43.508885820356106
163,2019-08-29,9756.786133,9756.786133,9421.629883,9510.200195,9510.200195,17045878500.0,37.78451329870584,17.068323712671596,35.867211243472525,0.0,10.17555248702277
164,2019-08-30,9514.844727,9656.124023,9428.302734,9598.173828,9598.173828,13595263986.0,39.24340446606509,9.684447595850862,22.506582549674366,15.079734294936019,5.0265780983120125
165,2019-08-31,9597.539063,9673.220703,9531.799805,9630.664063,9630.664063,11454806419.0,39.80480295743581,15.362692826869283,14.038488045130597,27.38560320853585,14.155112501157296
166,2019-09-01,9630.592773,9796.755859,9582.944336,9757.970703,9757.970703,11445355859.0,42.063775178448694,25.726725298687466,16.924621907135887,100.0,47.488445834490626
167,2019-09-02,9757.473633,10396.591797,9730.650391,10346.760742,10346.760742,17248102293.0,51.18753547976518,51.960925129046444,31.016781084867745,99.99999999999999,75.79520106951195
168,2019-09-03,10345.725586,10736.104492,10308.547852,10623.540039,10623.540039,19384917988.0,54.79166214269758,75.16479519082988,50.95081520618794,100.0,100.0
169,2019-09-04,10621.180664,10762.644531,10434.709961,10594.493164,10594.493164,16742664768.0,54.33821654774804,90.87343759856417,72.6663859728135,96.97437875845617,98.99145958615206
170,2019-09-05,10588.183594,10627.269531,10516.417969,10575.533203,10575.533203,14551239507.0,54.02393446026651,87.29015595441975,84.44279624793795,93.96814502998394,96.98084126281337
171,2019-09-06,10578.198242,10898.761719,10292.299805,10353.302734,10353.302734,19536574782.0,50.3481612371378,74.59393755072888,84.25251036790428,0.0,63.647507929480035
172,2019-09-07,10353.931641,10558.673828,10348.918945,10517.254883,10517.254883,15307366476.0,52.894589727659195,58.1787665502512,73.35428668513329,57.30680705691453,50.42498402896615
173,2019-09-08,10518.114258,10595.637695,10409.09082,10441.276367,10441.276367,13670567492.0,51.57454119689863,38.32069619175477,57.031133430911616,30.735913772916213,29.347573609943577
174,2019-09-09,10443.228516,10450.311523,10144.929688,10334.974609,10334.974609,17595943367.0,49.705506049744784,28.95613539028135,41.81853271076244,0.0,29.347573609943577
175,2019-09-10,10336.408203,10394.353516,10020.573242,10115.975586,10115.975586,14906809639.0,46.00647901073339,20.212972776095516,29.16326811937721,0.0,10.245304590972067
176,2019-09-11,10123.035156,10215.948242,9980.776367,10178.37207,10178.37207,15428063426.0,47.21185363010342,22.736893428881018,23.968667198419297,17.499350241396687,5.833116747132224
177,2019-09-12,10176.819336,10442.253906,10099.242188,10410.126953,10410.126953,15323563925.0,51.53922536284426,37.60967202336786,26.85317940944813,99.36574282266255,38.95503102135307
178,2019-09-13,10415.362305,10441.489258,10226.59668,10360.546875,10360.546875,14109864674.0,50.58387454655975,60.94923605688047,40.43193383637645,82.73279208037386,66.53262838147769
179,2019-09-14,10345.40332,10422.133789,10291.694336,10358.048828,10358.048828,13468713124.0,50.53304940679308,77.48807905978055,58.682329046676294,81.81416800957628,87.97090097087089
180,2019-09-15,10356.46582,10387.035156,10313.092773,10347.712891,10347.712891,12043433567.0,50.3078144100093,80.71626592070831,73.0511936791231,71.54367526325223,78.69687845106743
181,2019-09-16,10347.222656,10386.867188,10189.744141,10276.793945,10276.793945,15160167778.0,48.70375691560641,71.00971978142348,76.40468825397078,0.0,51.11928109094282
182,2019-09-17,10281.513672,10296.771484,10199.739258,10241.272461,10241.272461,15304603363.0,47.8802739510512,50.581483374001685,67.43582302537783,0.0,23.847891754417393
183,2019-09-18,10247.795898,10275.928711,10191.469727,10198.248047,10198.248047,16169268880.0,46.847076802747274,25.29679057545467,48.96266457695995,0.0,-1.4210854715202004e-14
184,2019-09-19,10200.496094,10295.668945,9851.692383,10266.415039,10266.415039,19937691247.0,48.73461037343501,33.86546633158316,36.58124676034651,54.54136617370033,18.18045539123343
185,2019-09-20,10266.318359,10285.87207,10132.186523,10181.641602,10181.641602,14734189639.0,46.52204227426394,47.59351909714292,35.58525866806025,0.0,18.18045539123343
186,2019-09-21,10183.648438,10188.097656,10000.708008,10019.716797,10019.716797,13425266806.0,42.54846787295747,58.95760374077258,46.80552972316622,0.0,18.18045539123343
187,2019-09-22,10024.115234,10074.444336,9922.533203,10070.392578,10070.392578,13199651698.0,44.156040246992646,49.554530895614015,52.03521791117651,25.986668976847547,8.662222992282501
188,2019-09-23,10067.962891,10074.238281,9727.143555,9729.324219,9729.324219,15144925408.0,36.71066151892082,29.131516889490793,45.88121717529247,0.0,8.662222992282501
189,2019-09-24,9729.321289,9804.317383,8370.801758,8620.566406,8620.566406,25002886688.0,23.084035202344406,20.895009143329677,33.193685642811495,0.0,8.662222992282501
190,2019-09-25,8603.428711,8744.828125,8325.396484,8486.993164,8486.993164,21744728352.0,22.023442119192843,7.367007067274533,19.13117770003167,0.0,-1.4210854715202004e-14
191,2019-09-26,8487.669922,8515.685547,7895.629395,8118.967773,8118.967773,19258205289.0,19.381263639756796,10.65596939882562,12.972661869809947,0.0,-1.4210854715202004e-14
192,2019-09-27,8113.101073999999,8271.520508,7965.922852,8251.845703,8251.845703,16408941155.0,22.97438497359681,11.758826020567637,9.927267495555933,20.734253774392226,6.911417924797394
193,2019-09-28,8251.273438,8285.617188,8125.431640999999,8245.915039,8245.915039,14141152736.0,22.92527320596819,14.984417409913846,12.466404276435705,95.71234698947322,38.81553358795514
194,2019-09-29,8246.037109,8261.707031,7990.49707,8104.185547,8104.185547,13034629108.0,21.729802223711722,19.753989798769307,15.499077743083603,65.3620728539388,60.60289120593473
195,2019-09-30,8104.226562999999,8314.231445,7830.758789,8293.868164,8293.868164,17115474183.0,27.201228540430876,36.84192518875534,23.86011079914617,100.0,87.02480661447066
196,2019-10-01,8299.720703,8497.692383,8232.679688,8343.276367,8343.276367,15305343412.0,28.601301374550424,56.340158178989554,37.645357722171404,100.0,88.45402428464627
197,2019-10-02,8344.212891,8393.041992,8227.695313,8393.041992,8393.041992,13125712442.0,30.060334713452786,76.25667648131167,56.47958661635219,100.0,100.0
198,2019-10-03,8390.774414,8414.227539,8146.437012,8259.992188,8259.992188,13668823409.0,28.389977242742408,75.1716109635147,69.25614854127197,79.94897117600345,93.31632372533448
199,2019-10-04,8259.494141,8260.055664,8151.236816,8205.939453,8205.939453,13139456229.0,27.71616807453959,68.30751358632766,73.24526701038468,18.010507583370067,65.98649291979117
200,2019-10-05,8210.149414,8215.526367,8071.120605,8151.500488,8151.500488,12200497197.0,27.020593615190293,46.48568082883012,63.321601792890824,0.0,32.65315958645784
201,2019-10-06,8149.876953,8161.410156,7958.850586,7988.155762,7988.155762,13160830305.0,24.993743260454522,27.1777226744146,47.32363902985747,0.0,6.003502527790023
202,2019-10-07,7989.120605,8308.450195,7905.766113,8245.623047,8245.623047,18009742607.0,33.465531843047295,30.70628374619058,34.78989574981177,100.0,33.333333333333336
203,2019-10-08,8246.849609,8332.714844,8185.763184,8228.783203,8228.783203,15592264032.0,33.2013915849049,49.644246650792105,35.8427510237991,96.8821193356367,65.6273731118789
204,2019-10-09,8229.84082,8627.706055,8169.298828,8595.740234,8595.740234,19384942333.0,43.6405491381237,79.35653536060417,53.235688585862285,100.0,98.96070644521224
205,2019-10-10,8585.280273,8625.272461,8471.933594,8586.473633,8586.473633,17618660671.0,43.45586213198838,88.5060034114476,72.50226180761462,99.00955151597037,98.6305569505357
206,2019-10-11,8585.262695,8721.780273,8316.181641,8321.756836,8321.756836,19604381101.0,38.44990501633661,80.2797554807603,82.71409808427069,50.277174232449305,83.09557524947324
207,2019-10-12,8315.665039,8415.242188,8313.34082,8336.555664,8336.555664,14532641604.0,38.87383720645662,58.51359366314886,75.76645085178559,54.338155091860685,67.87496028009348
208,2019-10-13,8336.902344,8470.988281,8276.612305,8321.005859,8321.005859,13808286058.0,38.57320486516464,36.2371087277947,58.34348595723461,2.37542482079434,35.663584715034794
209,2019-10-14,8320.832031,8390.208984,8284.130859,8374.686523,8374.686523,15151387859.0,40.28994044143829,26.58792999206621,40.44621079433659,36.75691546275082,31.156831791801963
210,2019-10-15,8373.458008,8410.714844,8182.706543000001,8205.369141,8205.369141,15220412631.0,36.796741933542954,17.89801044832896,26.90768305606328,0.0,13.044113427848401
211,2019-10-16,8204.674805,8216.8125,7985.089844,8047.526855,8047.526855,16071646995.0,33.85031387689569,13.028209977595305,19.171383472663482,0.0,12.252305154250289
212,2019-10-17,8047.8125,8134.831543000001,8000.942870999999,8103.911133,8103.911133,14313052244.0,35.827090291261285,13.835910237041944,14.92071022098873,30.697065964197005,10.232355321399018
213,2019-10-18,8100.933594,8138.413573999999,7902.164062999999,7973.20752,7973.20752,15651592610.0,33.33990375993063,17.091176124807927,14.651765446481718,0.0,10.232355321399018
214,2019-10-19,7973.803711,8082.629395,7944.776855,7988.560547,7988.560547,13797825640.0,33.9202091215334,18.470827958915056,16.46597144025497,16.787171758068183,15.828079240755079
215,2019-10-20,7997.807129000001,8281.818359,7949.439453,8222.078125,8222.078125,15504249442.0,42.16686095660197,38.40770639485553,24.656570159526165,100.0,38.92905725268941
216,2019-10-21,8225.115234,8296.694336,8196.416016,8243.720703,8243.720703,15868748865.0,42.87837528192448,62.60877315145607,39.829102501742206,100.0,72.26239058602273
217,2019-10-22,8243.402344,8296.651367,8074.462890999999,8078.203125,8078.203125,16803377856.0,38.933360879760244,71.81915645885775,57.61187866838977,58.6410213306419,86.21367377688064
218,2019-10-23,8076.228515999999,8092.999512,7469.322754000001,7514.671875,7514.671875,21942878957.0,29.112520635467774,45.558001922804074,59.995310511039285,0.0,52.88034044354731
219,2019-10-24,7509.728026999999,7532.867676000001,7446.98877,7493.48877,7493.48877,16268708848.0,28.81824750050547,18.524501043034537,45.300553141565445,0.0,19.54700711021398
220,2019-10-25,7490.703125,8691.540039,7479.984375,8660.700195,8660.700195,28705065488.0,55.50618629622656,36.15853391476208,33.41367896020022,100.0,33.33333333333334
221,2019-10-26,8667.577148,10021.744141,8662.62207,9244.972656,9244.972656,44496255608.0,62.98703402855674,57.60858194596367,37.430538967920086,100.0,66.66666666666667
222,2019-10-27,9241.707031,9749.529297,9112.541992,9551.714844,9551.714844,32593129500.0,66.20003063772002,83.03265425299783,58.93325670457452,100.0,100.0
223,2019-10-28,9565.101563,9805.118164,9256.148438,9256.148438,9256.148438,30948255331.0,60.72958235345847,73.94708499732907,71.52944039876353,85.3660049757884,95.12200165859615
224,2019-10-29,9248.44043,9516.180664,9232.648438,9427.6875,9427.6875,28426779937.0,62.65822737302871,76.21271325824955,77.73081750285881,66.87998112195567,84.0819953659147
225,2019-10-30,9422.462891,9426.874023,9085.370117,9205.726563,9205.726563,27706531577.0,58.64480793087574,62.28446282425163,70.81475369327674,0.0,50.748662032581365
226,2019-10-31,9202.458008,9383.161133,9028.717773,9199.584961,9199.584961,26583653946.0,58.53308876333365,46.1985658610457,61.56524731451561,0.0,22.2933270406519
227,2019-11-01,9193.992188,9275.657227,9132.047852,9261.104492,9261.104492,24324691031.0,59.36807920909558,30.632953448139478,46.371994044478924,20.241512462138985,6.747170820713005
228,2019-11-02,9259.783203,9377.486328,9249.587891,9324.717773,9324.717773,21242676385.0,60.259198618109146,37.553827280855195,38.12844886334678,41.84368134245781,20.695064601532277
229,2019-11-03,9324.787109,9379.806641,9141.251953,9235.354492,9235.354492,21132220847.0,58.3240590899336,47.51742282277147,38.568067850588704,0.0,20.695064601532277
230,2019-11-04,9235.607422,9505.051758,9191.485352,9412.612305,9412.612305,26170255634.0,60.99946949280866,64.40484442453742,49.82536484272135,100.0,47.281227114152614
231,2019-11-05,9413.004883,9457.417969,9256.931641,9342.527344,9342.527344,26198609047.0,59.376451371018646,62.97339653797303,58.29855459509397,39.335732564772954,46.445244188257654
232,2019-11-06,9340.864258,9423.237305,9305.90918,9360.879883,9360.879883,23133895764.0,59.678992683948465,65.79744568639151,64.39189554963399,50.64395326260311,63.32656194245869
233,2019-11-07,9352.393555,9368.476563,9202.353516,9267.561523,9267.561523,22700383838.0,57.34056252320821,50.50610009395263,59.75898077277238,0.0,29.993228609125357
234,2019-11-08,9265.368164,9272.759766,8775.53418,8804.880859,8804.880859,24333037836.0,47.41948792283606,33.03760813882821,49.780384639724105,0.0,16.88131775420104
235,2019-11-09,8809.46875,8891.818359,8793.163086,8813.582031,8813.582031,17578630605.0,47.60309250194559,14.77403086910538,32.772579700628725,1.4976508650816611,0.49921695502722274
236,2019-11-10,8812.489258,9103.826172,8806.162109,9055.526367,9055.526367,20587919881.0,52.563255650467596,17.610347190576835,21.807328732836794,41.95738594553798,14.485012270206548
237,2019-11-11,9056.917969,9081.279297,8700.608398,8757.788086,8757.788086,20265510765.0,46.70393003307296,19.123271110217612,17.169216389966593,0.0,14.485012270206548
238,2019-11-12,8759.751953,8853.768555,8685.427734,8815.662109,8815.662109,20309769107.0,47.91921076725944,24.654630511823086,20.46274960420583,20.740966000910916,20.899450648816302
239,2019-11-13,8812.033203,8836.841797,8761.651367,8808.262695,8808.262695,17545755404.0,47.7692326042367,20.031261956542203,21.26972119286095,18.1813171126924,12.97409437120111
240,2019-11-14,8811.936523,8826.943359,8692.551758,8708.094727,8708.094727,19084739974.0,45.68471524636601,18.98327474221639,21.223055736860545,0.0,12.97409437120111
241,2019-11-15,8705.708008,8730.873047,8484.84375,8491.992188,8491.992188,21796856471.0,41.47933979080088,11.991485979570307,17.00200755944295,0.0,6.060439037564137
242,2019-11-16,8491.166016,8591.99707,8473.973633,8550.760742,8550.760742,16495389808.0,43.01558233028601,8.944711086491695,13.306490602759448,23.855175749653693,7.951725249884568
243,2019-11-17,8549.470703,8727.789063,8500.967773,8577.975586,8577.975586,18668638896.0,43.751964821558566,16.69255223592214,12.542916433994698,36.13137931226969,19.995518353974465
244,2019-11-18,8573.980469,8653.280273,8273.573242,8309.286133,8309.286133,21579470673.0,38.46675381532306,18.444279376659836,14.693847566357874,0.0,19.995518353974465
245,2019-11-19,8305.134766,8408.516602,8099.963379000001,8206.145508,8206.145508,21083613815.0,36.63717721286559,17.314932660527642,17.483921424369857,0.0,12.0437931040899
246,2019-11-20,8203.613281,8237.240234,8010.511719,8027.268066,8027.268066,20764300436.0,33.64810649644519,8.539939092451261,14.766383709879568,0.0,4.736951571734001e-15
247,2019-11-21,8023.644531,8110.098145,7597.381836,7642.75,7642.75,22514243371.0,28.30262574319407,7.726514928725305,11.193795560568057,0.0,4.736951571734001e-15
248,2019-11-22,7643.569336,7697.382812999999,6936.706543000001,7296.577637,7296.577637,34242315784.0,24.525176718531572,9.104679802038314,8.457044607738283,0.0,4.736951571734001e-15
249,2019-11-23,7296.164551000001,7442.258789,7151.417969,7397.796875,7397.796875,21008924417.0,27.569217155413284,18.76868300363743,11.866625911467006,25.13243322856296,8.377477742854325
250,2019-11-24,7398.633789,7408.577148,7029.289062999999,7047.916992,7047.916992,30433517289.0,23.97036826872308,20.281251001663694,16.051537935779802,0.0,8.377477742854325
251,2019-11-25,7039.977051000001,7319.856934,6617.166992,7146.133789,7146.133789,42685231261.0,26.856821236550864,25.1035597841372,21.384497929812767,66.62699492901785,30.586476052526944
252,2019-11-26,7145.15918,7320.230469,7098.572265999999,7218.371094,7218.371094,21129505542.0,28.992072021117366,33.21282998379116,26.199213589864012,100.0,55.54233164300596
253,2019-11-27,7220.880859000001,7619.693359000001,6974.174316,7531.663573999999,7531.663573999999,23991412764.0,37.51215329753143,60.768851850469694,39.69508053946601,100.0,88.8756649763393
254,2019-11-28,7536.820312999999,7730.072754000001,7454.121581999999,7463.105956999999,7463.105956999999,19050116751.0,36.48060548645107,74.29562110289855,56.092434312386466,92.3824827459166,97.4608275819722
255,2019-11-29,7466.727051000001,7781.179687999999,7460.756348000001,7761.243651999999,7761.243651999999,19709695455.0,43.72761082402875,88.50607986634306,74.52351760657042,100.00000000000001,97.4608275819722
256,2019-11-30,7764.057129000001,7836.102051000001,7515.849609000001,7569.629883,7569.629883,17158194786.0,40.52728463474948,81.12773274641553,81.30981123855237,78.28158011672457,90.22135428754706
257,2019-12-01,7571.616211,7571.616211,7291.341797,7424.29248,7424.29248,18720708479.0,38.24113508516762,73.19790897458596,80.9439071957815,24.293201352946845,67.52492715655714
258,2019-12-02,7424.036133,7474.818848000001,7233.399414,7321.988281,7321.988281,17082040705.0,36.672927822521764,45.33500965528643,66.55355045876264,2.6538180546584154,35.07619984144328
259,2019-12-03,7323.975586,7418.858887,7229.356934,7320.145508,7320.145508,14797485769.0,36.643777994698475,27.294693308732935,48.6092039795351,0.0,8.982339802535085
260,2019-12-04,7320.125,7539.784668000001,7170.922852,7252.034668000001,7252.034668000001,21664240918.0,35.51997009399347,13.951932363449842,28.8605451091564,0.0,0.8846060182194696
261,2019-12-05,7253.241698999999,7743.431640999999,7232.676758,7448.307617,7448.307617,18816085231.0,41.12351205418614,25.202645919668615,22.149757197283794,100.0,33.333333333333336
262,2019-12-06,7450.561523,7546.996581999999,7392.175293000001,7546.996581999999,7546.996581999999,18104466306.0,43.769583279556244,42.11114973151445,27.088576004877638,100.0,66.66666666666667
263,2019-12-07,7547.265625,7589.95166,7525.711426000001,7556.237793000001,7556.237793000001,15453520564.0,44.02327837380773,60.480785387558505,42.598193679580525,100.0,100.0
264,2019-12-08,7551.338867,7634.606445,7476.091309,7564.345215,7564.345215,15409908086.0,44.26087457542739,67.23687369161654,56.6096029368965,100.0,100.0
265,2019-12-09,7561.79541,7618.091797,7365.985352,7400.899414,7400.899414,17872021272.0,40.52627224840206,56.319326257911634,61.345661779028895,0.0,66.66666666666667
266,2019-12-10,7397.134276999999,7424.022948999999,7246.043945,7278.119629000001,7278.119629000001,18249031194.0,37.93673530726982,36.636684493211064,53.397628147579745,0.0,33.333333333333336
267,2019-12-11,7277.197754000001,7324.15625,7195.527344,7217.427245999999,7217.427245999999,16350490689.0,36.688747496363845,15.392911498617565,36.116307416580085,0.0,0.0
268,2019-12-12,7216.73877,7266.639648,7164.741211,7243.134276999999,7243.134276999999,18927080224.0,37.62472471735141,9.97560348230459,20.66839982471107,12.360822939375725,4.1202743131252415
269,2019-12-13,7244.662109000001,7293.560547,7227.122559,7269.68457,7269.68457,17125736940.0,38.63378198091283,14.940079516157732,13.436198165693293,50.68461079022157,21.015144576532432
270,2019-12-14,7268.902831999999,7308.836426000001,7097.208984000001,7124.673828,7124.673828,17137029729.0,35.277089014456365,16.07878833733474,13.66482377859902,0.0,21.015144576532432
271,2019-12-15,7124.239745999999,7181.075684,6924.375977,7152.301758,7152.301758,16881129804.0,36.41069294196304,29.521656224635,20.180174692709155,33.77145121209522,28.152020667438933
272,2019-12-16,7153.663086,7171.168945,6903.682617,6932.480469,6932.480469,20213265949.0,31.65939753841177,24.174820205197705,23.258421589055814,0.0,11.257150404031742
273,2019-12-17,6931.31543,6964.075195,6587.974121,6640.515136999999,6640.515136999999,22363804217.0,26.67962960735827,23.803092944193736,25.833189791342146,0.0,11.257150404031742
274,2019-12-18,6647.698242,7324.984863,6540.049316,7276.802734000001,7276.802734000001,31836522778.0,46.448603018081776,36.08605355060025,28.02132223333056,100.0,33.333333333333336
275,2019-12-19,7277.59082,7346.602539,7041.381836,7202.844238,7202.844238,25904604415.0,44.93212634243892,61.108831906532096,40.33265946710869,92.32900644795112,64.10966881598371
276,2019-12-20,7208.636719,7257.921875,7086.124023,7218.816406,7218.816406,22633815180.0,45.34711540383929,86.7314591068144,61.308781521315574,94.42820023398384,95.58573556064499
277,2019-12-21,7220.59375,7223.226073999999,7112.73584,7191.158691,7191.158691,19312552168.0,44.718674599039154,82.3533744240788,76.73122181247508,91.24927540190711,92.6688273612807
278,2019-12-22,7191.188477,7518.033203,7167.179198999999,7511.588867,7511.588867,23134537956.0,52.86817140936054,88.07498864794218,85.71994072627847,100.0,95.22582521196368
279,2019-12-23,7508.902344,7656.17627,7326.192383,7355.628418000001,7355.628418000001,27831788041.0,49.07600569627507,77.06084682895785,82.49640330032628,53.46748638170306,81.57225392787008
280,2019-12-24,7354.393066,7535.716797,7269.528809,7322.532227,7322.532227,22991622105.0,48.28450908672945,63.975490515466426,76.37044199745549,43.75527189818817,65.74091942663044
281,2019-12-25,7325.755859000001,7357.02002,7220.991211,7275.155762,7275.155762,21559505148.0,47.11314667393019,40.82425284479964,60.62019672974131,29.381839524845514,42.20153260157894
282,2019-12-26,7274.799316,7388.302734000001,7200.386719,7238.966797,7238.966797,22787010034.0,46.191335067689174,28.679748860459814,44.493164073575294,0.0,24.379037141011253
283,2019-12-27,7238.141113,7363.529297,7189.934081999999,7290.088379000001,7290.088379000001,22777360995.0,47.74668012819902,22.01636622612989,30.50678931046312,53.91759617534897,27.766478566731518
284,2019-12-28,7289.03125,7399.041015999999,7286.905273,7317.990234000001,7317.990234000001,21365673026.0,48.619621966253476,24.39848600296615,25.031533696518622,100.0,51.305865391783016
285,2019-12-29,7317.647461,7513.948242,7279.865234000001,7422.652831999999,7422.652831999999,22445257701.0,51.867873041369364,43.446171806483726,29.953674678526596,100.0,84.63919872511634
286,2019-12-30,7420.272948999999,7454.824219,7276.308105,7292.995117,7292.995117,22874131671.0,47.83350052965689,46.88830414811587,38.24432065252193,28.928996328074806,76.30966544269164
287,2019-12-31,7294.438965,7335.290039,7169.777831999999,7193.599120999999,7193.599120999999,21167946112.0,44.94723834387489,36.850857222125654,42.39511105890843,0.0,42.9763321093583
288,2020-01-01,7194.89209,7254.330566,7174.944336,7200.174316,7200.174316,18565664996.0,45.18287578280399,15.853582686203874,33.19758135214848,3.4048530117390223,10.777949779937975
289,2020-01-02,7202.55127,7212.155273,6935.27002,6985.470215,6985.470215,20802083465.0,39.27184909124986,8.14271747446351,20.28238579426436,0.0,1.134951003913039
290,2020-01-03,6984.428711,7413.715331999999,6914.996094,7344.884276999999,7344.884276999999,28111481031.0,50.86106813601404,32.3803523779892,18.79221751288554,100.0,34.468284337246374
291,2020-01-04,7345.375488,7427.385742,7309.51416,7410.656738,7410.656738,18444271274.0,52.64217340127993,61.68144870187129,34.068172851441346,100.0,66.6666666666667
292,2020-01-05,7410.45166,7544.49707,7400.535645,7411.317383,7411.317383,19725074094.0,52.66073409217902,85.07099318727421,59.710931422378245,100.0,100.00000000000004
293,2020-01-06,7410.452148,7781.867187999999,7409.292969,7769.219238,7769.219238,23276261598.0,61.47069581509304,91.3732251786649,79.3752223559368,100.0,100.00000000000004
294,2020-01-07,7768.682129000001,8178.21582,7768.227539,8163.692383,8163.692383,28767291326.0,68.44181748435767,92.07828620737318,89.50750152443743,100.0,100.00000000000004
295,2020-01-08,8161.935547,8396.738281,7956.774414,8079.862793000001,8079.862793000001,31672559264.0,65.7205136798213,89.41529331035143,90.95560156546317,82.776170208473,94.25872340282437
296,2020-01-09,8082.295898,8082.295898,7842.403809,7879.071289,7879.071289,24045990465.0,59.6070696428547,72.5802963678893,84.69129196187131,44.016848387724686,75.59767286539926
297,2020-01-10,7878.307617,8166.554198999999,7726.774901999999,8166.554198999999,8166.554198999999,28714583843.0,64.67385617380556,65.19317783082198,75.72958916968759,57.350663786335055,61.38122746084428
298,2020-01-11,8162.190918000001,8218.359375,8029.64209,8037.537598000001,8037.537598000001,25521165085.0,60.97716859472426,57.03664343809114,64.93670587893415,15.50807081819873,38.95852766408618
299,2020-01-12,8033.261719,8200.063477,8009.059081999999,8192.494141,8192.494141,22903438381.0,63.66359504595549,64.19602984374224,62.14195037088513,66.35417578981522,46.40430346478303
300,2020-01-13,8189.771973000001,8197.788086,8079.700684,8144.194336,8144.194336,22482910687.0,62.22563876321342,66.9374080370545,62.723360439629296,51.68106262940003,44.514436412471355
301,2020-01-14,8140.933105,8879.511719,8140.933105,8827.764648,8827.764648,44841784107.0,71.8993544466772,83.31271159911314,71.48204982663663,100.0,72.6784128064051
302,2020-01-15,8825.34375,8890.117188,8657.1875,8807.010742,8807.010742,40102834649.0,71.30231754900488,90.33047614768607,80.19353192795124,94.53372332457099,82.07159531799037
303,2020-01-16,8812.481445,8846.460938,8612.095703,8723.786133,8723.786133,31313981930.0,68.83391902012542,89.06660282994544,87.56993019224821,68.31170641295755,87.61514324584287
304,2020-01-17,8725.209961,8958.12207,8677.316406,8929.038086,8929.038086,36372139320.0,71.45821591971121,89.45931097859501,89.6187966520755,95.43982331711416,86.0950843515476
305,2020-01-18,8927.211914,9012.198242,8827.332031,8942.808594,8942.808594,32337772626.0,71.63080966802548,89.94875514204962,89.49155631686335,91.23958781432252,84.99703918146479
306,2020-01-19,8941.445313,9164.362305,8620.080078,8706.245117,8706.245117,34217320471.0,64.42353740645203,68.59088060818142,82.66631557627534,0.0,62.226470377145596
307,2020-01-20,8704.631836,8745.59082,8560.473633,8657.642578,8657.642578,26422375678.0,63.02056444038864,41.724706293079144,66.75478068110338,0.0,30.41319593810754
308,2020-01-21,8658.991211,8755.706055,8544.520508,8745.894531,8745.894531,24097418512.0,64.53100509985619,21.875443334942457,44.063676745401004,17.54236516538917,5.847455055129757
309,2020-01-22,8744.210938,8792.994141,8636.74707,8680.875977,8680.875977,22600204050.0,62.50538277886078,23.525647081178935,29.04193223640017,0.0,5.847455055129757
310,2020-01-23,8680.650391,8687.74707,8333.637695,8406.515625,8406.515625,25770680778.0,54.70232916174365,21.0864054697771,22.16249862863282,0.0,5.847455055129757
311,2020-01-24,8405.567383,8514.666992,8266.84082,8445.43457,8445.43457,24397913025.0,55.55003080947473,21.571511969411706,22.061188173455903,8.624779706531536,2.8749265688438785
312,2020-01-25,8440.119141,8458.453125,8296.21875,8367.847656,8367.847656,19647331548.0,53.40439381708863,20.637776635467535,21.098564691552102,0.0,2.8749265688438785
313,2020-01-26,8364.410156,8602.401367,8325.498047,8596.830078,8596.830078,22177678795.0,58.49919054596258,38.61927817550863,26.94285559346261,55.980693419958676,21.535157708830102
314,2020-01-27,8597.308594,8977.726563,8597.308594,8909.819336,8909.819336,28647338393.0,64.25274884568466,57.454020954088946,38.903691921688356,100.0,51.993564473319594
315,2020-01-28,8912.524414,9358.589844,8908.447266,9358.589844,9358.589844,34398744402.0,70.55590086082029,84.38827934300441,60.15385949086732,100.0,85.32689780665292
316,2020-01-29,9357.470703,9406.431641,9269.467773,9316.629883,9316.629883,30682598115.0,69.32506298178814,94.11960722869777,78.6539691752637,92.82373335536141,97.60791111845384
317,2020-01-30,9316.016602,9553.125977,9230.897461,9508.993164,9508.993164,32378792850.0,71.75750427279597,96.10544545954251,91.53777734374823,100.0,97.60791111845384
318,2020-01-31,9508.313477,9521.706055,9230.776367,9350.529297,9350.529297,29432489719.0,67.04128717273856,89.04005536852897,93.08836935225641,37.15695140417454,76.66022825317869
319,2020-02-01,9346.357422,9439.323242,9313.239258,9392.875,9392.875,25922656496.0,67.65310598886697,83.45045614093829,89.53198565633659,12.972660145796896,50.043203849990526
320,2020-02-02,9389.820313,9468.797852,9217.824219,9344.365234,9344.365234,30835736946.0,66.13845985636475,63.895259228922804,78.79525691279669,0.0,16.70987051665719
321,2020-02-03,9344.683594,9540.37207,9248.633789,9293.521484,9293.521484,30934096508.0,64.5082929659817,45.15260360130944,64.1661063237235,0.0,4.32422004859901
322,2020-02-04,9292.841797,9331.265625,9112.811523,9180.962891,9180.962891,29893183716.0,60.927983553160516,25.418296177417645,44.82205300254996,0.0,4.440892098500626e-14
323,2020-02-05,9183.416016,9701.299805,9163.704102,9613.423828,9613.423828,35222060874.0,68.22497482228677,41.1943172834431,37.25507235405672,100.0,33.33333333333338
324,2020-02-06,9617.821289,9824.619141,9539.818359,9729.801758,9729.801758,37628823715.0,69.85645126642773,62.56214720020242,43.05825355368771,100.0,66.6666666666667
325,2020-02-07,9726.00293,9834.716797,9726.00293,9795.943359,9795.943359,34522718159.0,70.77486872991547,88.79195724014954,64.18280724126502,100.0,100.00000000000004
326,2020-02-08,9793.070313,9876.749023,9678.910156,9865.119141,9865.119141,35172043761.0,71.74451337308932,93.26200174996593,81.5387020634393,100.0,100.00000000000004
327,2020-02-09,9863.894531,10129.435547,9850.392578,10116.673828,10116.673828,35807884663.0,74.99365982002647,97.26173211922624,93.10523036978059,100.0,100.00000000000004
328,2020-02-10,10115.55957,10165.765625,9784.563477,9856.611328,9856.611328,39386548074.0,66.48223774797376,82.58878409064772,91.03750598661331,0.0,66.6666666666667
329,2020-02-11,9855.891602,10210.052734,9729.334961,10208.236328,10208.236328,37648059388.0,71.23577546732706,82.98224393539748,87.61092004842384,55.84892488132582,51.94964162710864
330,2020-02-12,10202.387695,10393.611328,10202.387695,10326.054688,10326.054688,43444303830.0,72.63612802677302,80.2719188079795,81.94764894467492,72.30155227533119,42.71682571888571
331,2020-02-13,10323.960938,10457.626953,10116.161133,10214.379883,10214.379883,49356071372.0,69.19737298996317,85.60197486225395,82.95204586854366,31.89990132089176,53.35012615918296
332,2020-02-14,10211.550781,10321.996094,10125.53418,10312.116211,10312.116211,43338264161.0,70.51309240073414,79.05605993192235,81.64331786738528,65.50091844580098,56.56745734734135
333,2020-02-15,10313.856445,10341.555664,9874.427734,9889.424805,9889.424805,43865054831.0,58.81273823495239,56.200719376668,73.61958472361478,0.0,32.46693992223096
334,2020-02-16,9889.179688,10053.96875,9722.386719,9934.433594,9934.433594,43374780305.0,59.58180623533752,43.61410315888349,59.62362748915795,5.563526833629382,23.68814842647683
335,2020-02-17,9936.560547,9938.81543,9507.637695,9690.142578,9690.142578,45998298412.0,53.71876812018363,23.344430893490834,41.05308447634744,0.0,1.85450894454317
336,2020-02-18,9691.230469,10161.935547,9632.382813,10141.996094,10141.996094,47271023953.0,61.303724283157855,41.37379542550081,36.11077649262506,45.16380674963121,16.90911119442024
337,2020-02-19,10143.798828,10191.675781,9611.223633,9633.386719,9633.386719,46992019709.0,51.143369347633815,36.78673386538346,33.834986728125045,0.0,15.054602249877114
338,2020-02-20,9629.325195,9643.216797,9507.900391,9608.475586,9608.475586,44925260236.0,50.700143568489985,35.2968349825546,37.81912142447963,0.0,15.054602249877114
339,2020-02-21,9611.782227,9723.014648,9589.743164,9686.441406,9686.441406,40930547512.0,52.09932102525294,18.653434213663655,30.245667687200584,13.195329902355365,4.398443300785164
340,2020-02-22,9687.707031,9698.231445,9600.728516,9663.181641,9663.181641,35838025154.0,51.62855740924076,21.196797740424046,25.049022312214117,8.755663447409882,7.316997783255125
341,2020-02-23,9663.318359,9937.404297,9657.791016,9924.515625,9924.515625,41185185761.0,56.39587072254395,36.592499950512405,25.480910634866717,100.0,40.65033111658846
342,2020-02-24,9921.583008,9951.746094,9537.042969,9650.174805,9650.174805,45080496648.0,50.742168798484386,38.56432947909849,32.117875723344994,0.7378378362890748,36.49783376123303
343,2020-02-25,9651.3125,9652.737305,9305.021484,9341.705078,9341.705078,42515259129.0,45.24924314432269,32.885268843160034,36.01403275759032,0.0,33.57927927876307
344,2020-02-26,9338.290039,9354.77832,8704.426758,8820.522461,8820.522461,50420050761.0,37.80320333128883,15.678251905862318,29.042616742706958,0.0,0.24594594542973405
345,2020-02-27,8825.09375,8932.892578,8577.199219,8784.494141,8784.494141,45470195695.0,37.34570088395969,10.020264459594062,19.52792840287215,0.0,4.244752697483515e-14
346,2020-02-28,8788.728516,8890.456055,8492.932617,8672.455078,8672.455078,44605450442.0,35.89104244154582,12.23154695076264,12.643354438739685,0.0,4.244752697483515e-14
347,2020-02-29,8671.212891,8775.631836,8599.508789,8599.508789,8599.508789,35792392544.0,34.93687863941465,12.19205745713252,11.48128962249642,0.0,4.244752697483515e-14
348,2020-03-01,8599.758789,8726.796875,8471.212891,8562.454102,8562.454102,35349164300.0,34.43606629038514,10.607229532752587,11.676944646882594,0.0,4.244752697483515e-14
349,2020-03-02,8563.264648,8921.308594,8532.630859,8869.669922,8869.669922,42857674408.0,41.875429987093945,35.27385891331753,19.357715301067557,99.99999999999999,33.33333333333337
350,2020-03-03,8865.387695,8901.598633,8704.990234,8787.786133,8787.786133,42386715820.0,40.55459107956552,55.65569317835044,33.845593874806866,82.24527041052221,60.74842347017411
351,2020-03-04,8788.541992,8843.366211,8712.431641,8755.246094,8755.246094,34746706368.0,40.014443815660755,73.24855596931503,54.72603602032768,74.98460557511798,85.74329199521344
352,2020-03-05,8760.285156,9142.054688,8757.253906,9078.762695,9078.762695,39698054597.0,47.50106460321356,74.66833586621367,67.85752833795972,99.99999999999999,85.74329199521344
353,2020-03-06,9078.308594,9167.695313,9032.079102,9122.545898,9122.545898,40826885650.0,48.43896435231926,82.18697803289247,76.7012899561404,100.0,91.66153519170604
354,2020-03-07,9121.600586,9163.220703,8890.744141,8909.954102,8909.954102,36216930369.0,44.300508828001014,75.91757848455948,77.59096412788857,50.876070557248354,83.62535685241615
355,2020-03-08,8908.206055,8914.34375,8105.25293,8108.116211,8108.116211,39973102120.0,32.88752129427127,45.818982519625884,67.9745130123593,0.0,50.29202351908282
356,2020-03-09,8111.146484000001,8177.793456999999,7690.098145,7923.644531,7923.644531,46936995808.0,30.914291188233477,20.124064184871802,47.286875063019075,0.0,16.958690185749486
357,2020-03-10,7922.146973000001,8136.945312999999,7814.763184,7909.729492,7909.729492,42213940993.0,30.764345604056427,10.31313688576307,25.418727863420273,0.0,3.315866100213801e-14
358,2020-03-11,7910.089844,7950.814453,7642.8125,7911.430176000001,7911.430176000001,38682762604.0,30.808517994411755,16.11246053932717,15.516553869987368,0.32632873602757756,0.10877624534255902
359,2020-03-12,7913.616211,7929.116211,4860.354004,4970.788086,4970.788086,53980357243.0,14.080536677256173,11.75188099802969,12.725826141039997,0.0,0.10877624534255902
360,2020-03-13,5017.831055,5838.114746,4106.980957,5563.707031,5563.707031,74156772074.0,23.142024463969793,18.725402144757613,15.529914560704844,53.82927368225916,18.05186747276228
361,2020-03-14,5573.077636999999,5625.226563,5125.069336,5200.366211,5200.366211,36154506007.0,21.6361411924394,21.880041099529024,17.45244141410546,45.167461464310016,32.99891171552309
362,2020-03-15,5201.066895,5836.64502,5169.283203,5392.314941,5392.314941,33997889638.0,24.43366663366157,32.118298781613,24.241247341966567,61.891089905675706,53.62927501741499
363,2020-03-16,5385.229492,5385.229492,4575.35791,5014.47998,5014.47998,45368026429.0,22.714702315132225,28.104497297135413,27.367612392759167,83.39667013002348,63.485073833336436
364,2020-03-17,5002.578125,5371.348633,4981.90918,5225.629395,5225.629395,38622642935.0,25.854040708417052,40.6005046739536,33.60776691756735,100.0,81.76258667856644
365,2020-03-18,,,,,,,,,,,
366,2020-03-19,5260.851074,5376.45752,5260.851074,5293.966797,5293.966797,38646476800.0,,,,,
